{
  "config": {
    "n_users": 500,
    "seed": 42,
    "k": [
      5,
      10,
      20
    ],
    "alpha": 0.7,
    "half_life": 90
  },
  "silhouette_scores": {
    "TF-IDF": 0.015314245576265683,
    "SBERT pretrained": 0.04666518047451973,
    "SBERT fine-tuned": 0.37487778067588806
  },
  "metrics": [
    {
      "representation": "TF-IDF",
      "k": 5,
      "category_precision_mean": 0.8276,
      "category_precision_std": 0.2231991840296531,
      "ndcg_mean": 0.0,
      "ndcg_std": 0.0,
      "hit_rate_mean": 0.0,
      "hit_rate_std": 0.0,
      "semantic_coherence_mean": 0.2750822553560043,
      "semantic_coherence_std": 0.04373430548257107,
      "ild_mean": 0.7933587605405762,
      "ild_std": 0.08187443473371118,
      "profile_seconds_mean": 0.00036660900007700546,
      "profile_seconds_std": 0.00011079930529178893,
      "ranking_seconds_mean": 0.013111551600275561,
      "ranking_seconds_std": 0.0014973788585854835
    },
    {
      "representation": "TF-IDF",
      "k": 10,
      "category_precision_mean": 0.8164,
      "category_precision_std": 0.20894582243592916,
      "ndcg_mean": 0.0005781296526357758,
      "ndcg_std": 0.012927372031019357,
      "hit_rate_mean": 0.002,
      "hit_rate_std": 0.0447213595499958,
      "semantic_coherence_mean": 0.26618872627107537,
      "semantic_coherence_std": 0.04343292326371275,
      "ild_mean": 0.8106211513579527,
      "ild_std": 0.0668676143681814,
      "profile_seconds_mean": 0.00036660900007700546,
      "profile_seconds_std": 0.00011079930529178893,
      "ranking_seconds_mean": 0.013111551600275561,
      "ranking_seconds_std": 0.0014973788585854835
    },
    {
      "representation": "TF-IDF",
      "k": 20,
      "category_precision_mean": 0.8068,
      "category_precision_std": 0.19307593488901337,
      "ndcg_mean": 0.0010674307368722278,
      "ndcg_std": 0.01691915572446517,
      "hit_rate_mean": 0.004,
      "hit_rate_std": 0.06318214912406722,
      "semantic_coherence_mean": 0.25632213175634916,
      "semantic_coherence_std": 0.04343231546431643,
      "ild_mean": 0.8298889932411039,
      "ild_std": 0.055011264809271467,
      "profile_seconds_mean": 0.00036660900007700546,
      "profile_seconds_std": 0.00011079930529178893,
      "ranking_seconds_mean": 0.013111551600275561,
      "ranking_seconds_std": 0.0014973788585854835
    },
    {
      "representation": "SBERT pretrained",
      "k": 5,
      "category_precision_mean": 0.8847999999999999,
      "category_precision_std": 0.189104418144907,
      "ndcg_mean": 0.0,
      "ndcg_std": 0.0,
      "hit_rate_mean": 0.0,
      "hit_rate_std": 0.0,
      "semantic_coherence_mean": 0.730480016079373,
      "semantic_coherence_std": 0.03541788451575169,
      "ild_mean": 0.3830328988432884,
      "ild_std": 0.04424584767071778,
      "profile_seconds_mean": 8.548439963487909e-05,
      "profile_seconds_std": 2.9064012047148203e-05,
      "ranking_seconds_mean": 0.02666472639935091,
      "ranking_seconds_std": 0.00228470254331308
    },
    {
      "representation": "SBERT pretrained",
      "k": 10,
      "category_precision_mean": 0.8796,
      "category_precision_std": 0.16564636257663415,
      "ndcg_mean": 0.0,
      "ndcg_std": 0.0,
      "hit_rate_mean": 0.0,
      "hit_rate_std": 0.0,
      "semantic_coherence_mean": 0.7228546895615081,
      "semantic_coherence_std": 0.03629817701690197,
      "ild_mean": 0.39602786117792127,
      "ild_std": 0.039995786003088174,
      "profile_seconds_mean": 8.548439963487909e-05,
      "profile_seconds_std": 2.9064012047148203e-05,
      "ranking_seconds_mean": 0.02666472639935091,
      "ranking_seconds_std": 0.00228470254331308
    },
    {
      "representation": "SBERT pretrained",
      "k": 20,
      "category_precision_mean": 0.872,
      "category_precision_std": 0.16011644059589314,
      "ndcg_mean": 0.0,
      "ndcg_std": 0.0,
      "hit_rate_mean": 0.0,
      "hit_rate_std": 0.0,
      "semantic_coherence_mean": 0.7138300418384351,
      "semantic_coherence_std": 0.037695467713391495,
      "ild_mean": 0.4094520381689072,
      "ild_std": 0.03833028407177303,
      "profile_seconds_mean": 8.548439963487909e-05,
      "profile_seconds_std": 2.9064012047148203e-05,
      "ranking_seconds_mean": 0.02666472639935091,
      "ranking_seconds_std": 0.00228470254331308
    },
    {
      "representation": "SBERT fine-tuned",
      "k": 5,
      "category_precision_mean": 1.0,
      "category_precision_std": 0.0,
      "ndcg_mean": 0.0,
      "ndcg_std": 0.0,
      "hit_rate_mean": 0.0,
      "hit_rate_std": 0.0,
      "semantic_coherence_mean": 0.7997499893852013,
      "semantic_coherence_std": 0.09353406706970029,
      "ild_mean": 0.16961715524643659,
      "ild_std": 0.08395048275635068,
      "profile_seconds_mean": 8.224100060760975e-05,
      "profile_seconds_std": 2.2756855627323093e-05,
      "ranking_seconds_mean": 0.026439762199006508,
      "ranking_seconds_std": 0.0018730630142674899
    },
    {
      "representation": "SBERT fine-tuned",
      "k": 10,
      "category_precision_mean": 1.0,
      "category_precision_std": 0.0,
      "ndcg_mean": 0.0,
      "ndcg_std": 0.0,
      "hit_rate_mean": 0.0,
      "hit_rate_std": 0.0,
      "semantic_coherence_mean": 0.7909711823326697,
      "semantic_coherence_std": 0.0944682926362143,
      "ild_mean": 0.18259689657390119,
      "ild_std": 0.08012513869093617,
      "profile_seconds_mean": 8.224100060760975e-05,
      "profile_seconds_std": 2.2756855627323093e-05,
      "ranking_seconds_mean": 0.026439762199006508,
      "ranking_seconds_std": 0.0018730630142674899
    },
    {
      "representation": "SBERT fine-tuned",
      "k": 20,
      "category_precision_mean": 1.0,
      "category_precision_std": 0.0,
      "ndcg_mean": 0.0,
      "ndcg_std": 0.0,
      "hit_rate_mean": 0.0,
      "hit_rate_std": 0.0,
      "semantic_coherence_mean": 0.7803234046973814,
      "semantic_coherence_std": 0.09564614353062179,
      "ild_mean": 0.20084286656975747,
      "ild_std": 0.08205908948293747,
      "profile_seconds_mean": 8.224100060760975e-05,
      "profile_seconds_std": 2.2756855627323093e-05,
      "ranking_seconds_mean": 0.026439762199006508,
      "ranking_seconds_std": 0.0018730630142674899
    }
  ]
}